score,students,,,
0,0.0008863697,,Mean,15
1,0.0015830903,,Deviation,5
2,0.0027165938,,,
3,0.0044789061,,,
4,0.0070949186,,,
5,0.0107981933,,,
6,0.0157900317,,,
7,0.0221841669,,,
8,0.0299454931,,,
9,0.0388372110,,,
10,0.0483941449,,,
11,0.0579383106,,,
12,0.0666449206,,,
13,0.0736540281,,,
14,0.0782085388,,,
15,0.0797884561
16,0.0782085388
17,0.0736540281
18,0.0666449206
19,0.0579383106
20,0.0483941449
21,0.0388372110
22,0.0299454931
23,0.0221841669
24,0.0157900317
25,0.0107981933
26,0.0070949186
27,0.0044789061
28,0.0027165938
29,0.0015830903
30,0.0008863697
