score,students,,,
0,0.000000000,,Mean,15
1,0.000000000,,Deviation,2
2,0.000000000,,,
3,0.000000003,,,
4,0.000000054,,,
5,0.000000743,,,
6,0.000007992,,,
7,0.000066915,,,
8,0.000436341,,,
9,0.002215924,,,
10,0.008764150,,,
11,0.026995483,,,
12,0.064758798,,,
13,0.120985362,,,
14,0.176032663,,,
15,0.199471140
16,0.176032663
17,0.120985362
18,0.064758798
19,0.026995483
20,0.008764150
21,0.002215924
22,0.000436341
23,0.000066915
24,0.000007992
25,0.000000743
26,0.000000054
27,0.000000003
28,0.000000000
